RESOLUTION,CPU_mean_ms,GPU_mean_ms,OMP_1_mean_ms,OMP_2_mean_ms,OMP_4_mean_ms,OMP_8_mean_ms,Speedup_GPU,Speedup_OMP_1,Speedup_OMP_2,Speedup_OMP_4,Speedup_OMP_8
1280x720,4.7054,1.9506,39.256,21.8503,16.5273,14.7707,2.41228,0.119864,0.215347,0.284704,0.318564
1920x1080,8.1972,2.0952,107.972,75.817,48.9277,34.8003,3.91237,0.0759199,0.108118,0.167537,0.235549
2560x1440,9.9196,3.3586,153.943,94.219,68.9837,60.8057,2.95349,0.064437,0.105282,0.143796,0.163136
3840x2160,24.2066,7.4694,321.214,199.775,227.44,175.229,3.24077,0.0753597,0.12117,0.106431,0.138143
5120x2880,43.1126,13.8302,695.264,396.175,275.789,227.267,3.11728,0.062009,0.108822,0.156324,0.1897
7680x4320,140.817,30.8702,1594.73,906.895,579.266,506.42,4.56157,0.0883013,0.155273,0.243095,0.278063
11520x6480,284.658,72.4058,3292.89,1982.03,1536.99,1188.71,3.93142,0.0864461,0.143619,0.185204,0.239469
15360x8640,514.251,132.301,5862.03,3391.54,2787.45,2339.92,3.88698,0.0877257,0.151627,0.184488,0.219772
